{
  "BTC/EUR": 89.903331512,
  "ETH/EUR": 89.903331512,
  "ADA/EUR": 300.0,
  "SOL/EUR": 89.903331512,
  "BNB/EUR": 89.903331512
}