{
  "BTC/EUR": 20.021179206499887,
  "ETH/EUR": 20.019861427682038,
  "ADA/EUR": 20.111266568429823,
  "SOL/EUR": 20.19523970834568,
  "BNB/EUR": 20.079870541282116
}