{
  "BTC/EUR": 89.92059321463974,
  "ETH/EUR": 89.903331512,
  "ADA/EUR": 302.16438059568384,
  "SOL/EUR": 89.71797952438975,
  "BNB/EUR": 89.903331512
}