{
  "BTC/EUR": 97.31297144999999,
  "ETH/EUR": 97.31297144999999,
  "ADA/EUR": 97.31297144999999,
  "SOL/EUR": 97.31297144999999,
  "BNB/EUR": 97.31297144999999
}