{
  "BTC/EUR": 97.38073190600001,
  "ETH/EUR": 97.38073190600001,
  "ADA/EUR": 97.38073190600001,
  "SOL/EUR": 97.38073190600001,
  "BNB/EUR": 97.38073190600001
}