{
<<<<<<< HEAD
  "BTC/EUR": 97.31297144999999,
  "ETH/EUR": 97.31297144999999,
  "ADA/EUR": 97.31297144999999,
  "SOL/EUR": 97.31297144999999,
  "BNB/EUR": 97.31297144999999
=======
  "BTC/EUR": 20.021179206499887,
  "ETH/EUR": 20.019861427682038,
  "ADA/EUR": 20.111266568429823,
  "SOL/EUR": 20.19523970834568,
  "BNB/EUR": 20.079870541282116
>>>>>>> 51727feaae5f031c3352650fb280535aaf1e97e5
}