{
<<<<<<< HEAD
  "BTC/EUR": 89.92059321463974,
  "ETH/EUR": 89.903331512,
  "ADA/EUR": 302.16438059568384,
  "SOL/EUR": 89.71797952438975,
  "BNB/EUR": 89.903331512
=======
  "BTC/EUR": 20.0,
  "ETH/EUR": 20.0,
  "ADA/EUR": 20.0,
  "SOL/EUR": 20.0,
  "BNB/EUR": 20.0
>>>>>>> fc544e6aa29bdf0c3e2e200e408de3494271ff5e
}