{
  "umbral_suavizado": {
    "SOL/EUR": 1.0391352213596194,
    "BNB/EUR": 1.065620455097665,
    "ADA/EUR": 1.0
  },
  "histeresis_skips": {
    "BNB/EUR": 7,
    "SOL/EUR": 2
  }
}