{
    "BTC/EUR": {
        "tops_rectangle": 9.592489356775358,
        "symmetrical_triangle_down": 5.377147839286048,
        "estrategia_divergencia_rsi": 7.018869210256047,
        "estrategia_macd_hist_inversion": 5.968310495651764,
        "estrategia_cruce_medias": 9.962541273436779,
        "estrategia_cruce_ema_stochrsi": 3.5212635772542678,
        "triple_top": 0.9694923505480446,
        "pennant_bajista": 5.314425277836689,
        "estrategia_sma": 8.434629182544473,
        "triple_bottom": 6.130988713797121,
        "estrategia_rsi_invertida": 4.648952501459985,
        "estrategia_rango": 9.576572104947097,
        "estrategia_momentum": 8.710994255583996,
        "estrategia_macd": 3.4624853727016767,
        "estrategia_atr_breakout": 4.04103008017705,
        "estrategia_rsi": 5.585439615710742,
        "descending_triangle": 1.5254281149556894,
        "estrategia_volumen_alto": 4.515377061538803,
        "flag_alcista": 1.8753628708614647,
        "wedge_breakout": 4.873291489871557,
        "inverted_cup_with_handle": 7.471969590626495,
        "pennant": 9.389867384497993,
        "three_rising_valleys": 7.256197169307408,
        "symmetrical_triangle_up": 3.031141467603855,
        "estrategia_vwap_breakout": 7.529131198999828,
        "ascending_scallop": 3.1423244634972773,
        "estrategia_adx": 3.4893819173409417,
        "estrategia_bollinger_breakout": 5.300620605528381,
        "diamond_bottom": 2.948350032748826,
        "head_and_shoulders": 0.05686978037552182,
        "estrategia_estocastico": 5.106551138574003,
        "estrategia_sma_bajista": 5.310736801696516,
        "ascending_triangle": 2.9888330840922883,
        "estrategia_ema": 9.286807867278034,
        "measured_move_down": 7.339501903614173,
        "cruce_medias_bajista": 2.4589380708535167,
        "three_descending_peaks": 3.6174645324373778,
        "volatility_breakout": 8.031309526828188,
        "measured_move_up": 1.4765870737944908,
        "cup_with_handle": 6.674550706846292,
        "descending_scallop": 9.119709887181312,
        "estrategia_ichimoku_breakout": 5.710679350131551,
        "double_bottom": 4.495565376393525,
        "flag_bajista": 2.4736111409755694
    },
    "ETH/EUR": {
        "tops_rectangle": 1.0,
        "symmetrical_triangle_down": 9.963347436141772,
        "estrategia_divergencia_rsi": 1.0,
        "estrategia_macd_hist_inversion": 1.3181868171894808,
        "estrategia_cruce_medias": 3.7680381336230977,
        "estrategia_cruce_ema_stochrsi": 3.796509148846652,
        "triple_top": 8.81790880363523,
        "pennant_bajista": 9.976310098267094,
        "estrategia_sma": 1.0,
        "triple_bottom": 0.03865983518497448,
        "estrategia_rsi_invertida": 9.337121515016785,
        "estrategia_rango": 0.95,
        "estrategia_momentum": 2.9552355264805112,
        "estrategia_macd": 7.0600702178600905,
        "estrategia_atr_breakout": 1.0,
        "estrategia_rsi": 2.9593571713235174,
        "descending_triangle": 0.2911575361783242,
        "estrategia_volumen_alto": 0.0,
        "flag_alcista": 8.765975446461212,
        "wedge_breakout": 7.415331936838157,
        "inverted_cup_with_handle": 1.6988631191174481,
        "pennant": 3.8627954251171475,
        "three_rising_valleys": 7.519458380492109,
        "symmetrical_triangle_up": 0.03366693665104786,
        "estrategia_vwap_breakout": 1.0,
        "ascending_scallop": 7.429944715810464,
        "estrategia_adx": 1.0,
        "estrategia_bollinger_breakout": 1.0,
        "diamond_bottom": 9.553010762703181,
        "head_and_shoulders": 8.156624860716846,
        "estrategia_estocastico": 1.0,
        "estrategia_sma_bajista": 9.492604914871261,
        "ascending_triangle": 3.6512811368500344,
        "estrategia_ema": 9.512138159814588,
        "measured_move_down": 5.004268027179931,
        "cruce_medias_bajista": 7.213048193742278,
        "three_descending_peaks": 2.2536332083421633,
        "volatility_breakout": 0.6499999999999997,
        "measured_move_up": 9.700857561849856,
        "cup_with_handle": 7.352418948980595,
        "descending_scallop": 1.7850781101954227,
        "estrategia_ichimoku_breakout": 8.018194741047564,
        "double_bottom": 4.19764802717819,
        "flag_bajista": 2.899822643774379
    },
    "ADA/EUR": {
        "tops_rectangle": 5.786540847690659,
        "symmetrical_triangle_down": 4.538196580699243,
        "estrategia_divergencia_rsi": 2.575673271818318,
        "estrategia_macd_hist_inversion": 3.7373996822422266,
        "estrategia_cruce_medias": 1.8235158510046476,
        "estrategia_cruce_ema_stochrsi": 1.9865975711328296,
        "triple_top": 8.510837267957783,
        "pennant_bajista": 1.847865917851296,
        "estrategia_sma": 8.51428859607086,
        "triple_bottom": 4.569746098696081,
        "estrategia_rsi_invertida": 2.7674661790919024,
        "estrategia_rango": 2.0798668233721376,
        "estrategia_momentum": 4.902208928581162,
        "estrategia_macd": 1.3520852349065178,
        "estrategia_atr_breakout": 9.02524429122527,
        "estrategia_rsi": 9.110358908838187,
        "descending_triangle": 1.6838202880271154,
        "estrategia_volumen_alto": 9.452494385730807,
        "flag_alcista": 6.136895282226351,
        "wedge_breakout": 4.602400497805721,
        "inverted_cup_with_handle": 7.462244965320741,
        "pennant": 4.889748105024942,
        "three_rising_valleys": 2.4349672285794743,
        "symmetrical_triangle_up": 5.7071835410785035,
        "estrategia_vwap_breakout": 8.15004344190835,
        "ascending_scallop": 7.544062092246125,
        "estrategia_adx": 0.4553113358494468,
        "estrategia_bollinger_breakout": 2.65002474552936,
        "diamond_bottom": 8.076155257522112,
        "head_and_shoulders": 3.314627566472612,
        "estrategia_estocastico": 3.5915735812525975,
        "estrategia_sma_bajista": 7.209762610846679,
        "ascending_triangle": 9.1985448098496,
        "estrategia_ema": 8.340415633480578,
        "measured_move_down": 9.500987432311337,
        "cruce_medias_bajista": 3.8354332679918124,
        "three_descending_peaks": 4.291463049787952,
        "volatility_breakout": 0.5976810988408805,
        "measured_move_up": 6.1264267267256365,
        "cup_with_handle": 9.95304690574883,
        "descending_scallop": 3.217622011877122,
        "estrategia_ichimoku_breakout": 7.194697907755098,
        "double_bottom": 1.2210436091812753,
        "flag_bajista": 3.068844197591512
    }
}